{"acc": 0.8185455520875579, "loss": 0.17943995793240802, "_timestamp": 1707481673.771972, "_runtime": 7.2959208488464355, "_step": 7, "_wandb": {"runtime": 6}}