{"acc": 0.8541261258023664, "loss": 0.14499655557187882, "_timestamp": 1707481737.092388, "_runtime": 6.7030029296875, "_step": 7, "_wandb": {"runtime": 5}}